Fold,Accuracy,Loss
Fold_1,0.0,9.148896217346191
Fold_2,0.0,6.357114791870117
Fold_3,0.0,11.101174354553223
Fold_4,0.0,9.41784381866455
Promedio,0.0,9.00625729560852
Desv. Estandar,0.0,1.7026731055113555
